{"version": {"json_export": "206", "page_segmentation": "5", "schema": "1.1.0", "structure": "1.1104.0", "table_structure": "5"}, "extended_metadata": {"ID_instance": "8B 72 26 9A 14 BB B2 11 0A 00 9B C2 49 18 09 9D ", "ID_permanent": "BB CA E2 FA 29 01 EA 43 8B BC 66 1B 04 CD 5F 58 ", "has_acroform": false, "has_embedded_files": false, "is_XFA": false, "is_certified": false, "is_encrypted": false, "is_digitally_signed": false, "language": "en-US", "page_count": 2, "pdf_version": "1.6", "pdfa_compliance_level": "", "pdfua_compliance_level": ""}, "elements": [{"Bounds": [66.96000671386719, 643.6799926757812, 168.24000549316406, 686.3999938964844], "ObjectID": 235, "Page": 0, "Path": "//Document/Sect/Figure", "attributes": {"BBox": [66.95729999999821, 643.685999999987, 168.2329999999929, 686.4039999999804], "Placement": "Block"}}, {"Bounds": [66.98399353027344, 617.9080047607422, 140.24391174316406, 628.6239929199219], "Font": {"alt_family_name": "Times New Roman", "embedded": false, "encoding": "WinAnsiEncoding", "family_name": "Times New Roman", "font_type": "TrueType", "italic": false, "monospaced": false, "name": "Times New Roman,Bold", "subset": false, "weight": 700}, "HasClip": true, "Lang": "en", "ObjectID": 236, "Page": 0, "Path": "//Document/Sect/P", "Text": "Course Code: ", "TextSize": 12.0}, {"Bounds": [224.4499969482422, 672.7480010986328, 322.24609375, 683.4640045166016], "Font": {"alt_family_name": "Times New Roman", "embedded": false, "encoding": "WinAnsiEncoding", "family_name": "Times New Roman", "font_type": "TrueType", "italic": false, "monospaced": false, "name": "Times New Roman,Bold", "subset": false, "weight": 700}, "HasClip": true, "Lang": "en", "ObjectID": 237, "Page": 0, "Path": "//Document/Sect/P[2]", "Text": "Ethics And Values ", "TextSize": 12.0, "attributes": {"SpaceAfter": 18}}, {"Bounds": [224.4499969482422, 617.9080047607422, 280.72999572753906, 628.6239929199219], "Font": {"alt_family_name": "Times New Roman", "embedded": false, "encoding": "WinAnsiEncoding", "family_name": "Times New Roman", "font_type": "TrueType", "italic": false, "monospaced": false, "name": "Times New Roman,Bold", "subset": false, "weight": 700}, "HasClip": true, "Lang": "en", "ObjectID": 238, "Page": 0, "Path": "//Document/Sect/P[3]", "Text": "HUM0001 ", "TextSize": 12.0}, {"Bounds": [401.86000061035156, 672.7480010986328, 470.5240020751953, 683.4640045166016], "Font": {"alt_family_name": "Times New Roman", "embedded": false, "encoding": "WinAnsiEncoding", "family_name": "Times New Roman", "font_type": "TrueType", "italic": false, "monospaced": false, "name": "Times New Roman,Bold", "subset": false, "weight": 700}, "HasClip": true, "Lang": "en", "ObjectID": 239, "Page": 0, "Path": "//Document/Sect/P[4]", "Text": "Course Type ", "TextSize": 12.0}, {"Bounds": [494.6199951171875, 672.7480010986328, 555.6362152099609, 683.4640045166016], "Font": {"alt_family_name": "Times New Roman", "embedded": false, "encoding": "WinAnsiEncoding", "family_name": "Times New Roman", "font_type": "TrueType", "italic": false, "monospaced": false, "name": "Times New Roman,Bold", "subset": false, "weight": 700}, "HasClip": true, "Lang": "en", "ObjectID": 240, "Page": 0, "Path": "//Document/Sect/P[5]", "Text": "NGMC-LT ", "TextSize": 12.0}, {"Bounds": [401.86000061035156, 617.9080047607422, 442.76800537109375, 628.6239929199219], "Font": {"alt_family_name": "Times New Roman", "embedded": false, "encoding": "WinAnsiEncoding", "family_name": "Times New Roman", "font_type": "TrueType", "italic": false, "monospaced": false, "name": "Times New Roman,Bold", "subset": false, "weight": 700}, "HasClip": true, "Lang": "en", "ObjectID": 241, "Page": 0, "Path": "//Document/Sect/P[6]", "Text": "Credits ", "TextSize": 12.0}, {"Bounds": [497.6199951171875, 617.9080047607422, 506.6199951171875, 628.6239929199219], "Font": {"alt_family_name": "Times New Roman", "embedded": false, "encoding": "WinAnsiEncoding", "family_name": "Times New Roman", "font_type": "TrueType", "italic": false, "monospaced": false, "name": "Times New Roman,Bold", "subset": false, "weight": 700}, "HasClip": true, "Lang": "en", "ObjectID": 242, "Page": 0, "Path": "//Document/Sect/P[7]", "Text": "2 ", "TextSize": 12.0}, {"Bounds": [66.98399353027344, 593.1880035400391, 136.55990600585938, 603.9040069580078], "Font": {"alt_family_name": "Times New Roman", "embedded": false, "encoding": "WinAnsiEncoding", "family_name": "Times New Roman", "font_type": "TrueType", "italic": false, "monospaced": false, "name": "Times New Roman,Bold", "subset": false, "weight": 700}, "HasClip": true, "Lang": "en", "ObjectID": 243, "Page": 0, "Path": "//Document/Sect/P[8]", "Text": "Prerequisite: ", "TextSize": 12.0}, {"Bounds": [66.98399353027344, 568.3480072021484, 167.54400634765625, 579.0639953613281], "Font": {"alt_family_name": "Times New Roman", "embedded": false, "encoding": "WinAnsiEncoding", "family_name": "Times New Roman", "font_type": "TrueType", "italic": false, "monospaced": false, "name": "Times New Roman,Bold", "subset": false, "weight": 700}, "HasClip": true, "Lang": "en", "ObjectID": 244, "Page": 0, "Path": "//Document/Sect/P[9]", "Text": "Course Objectives: ", "TextSize": 12.0}, {"Bounds": [90.38400268554688, 553.8040008544922, 98.90400695800781, 567.1959991455078], "Font": {"alt_family_name": "Symbol", "embedded": true, "encoding": "Identity-H", "family_name": "Symbol", "font_type": "CIDFontType2", "italic": false, "monospaced": false, "name": "Symbol", "subset": false, "weight": 400}, "HasClip": true, "ObjectID": 247, "Page": 0, "Path": "//Document/Sect/L/LI/Lbl", "Text": "\uf0b7 ", "TextSize": 12.0}, {"Bounds": [108.3800048828125, 540.1179962158203, 559.4720001220703, 564.7359924316406], "Font": {"alt_family_name": "Times New Roman", "embedded": false, "encoding": "WinAnsiEncoding", "family_name": "Times New Roman", "font_type": "TrueType", "italic": false, "monospaced": false, "name": "Times New Roman", "subset": false, "weight": 400}, "HasClip": true, "ObjectID": 248, "Page": 0, "Path": "//Document/Sect/L/LI/LBody", "Text": "To make student understand business ethics via live project as part of ethics and to see how it relates to economics and politics in the search for human flourishing. ", "TextSize": 12.0}, {"Bounds": [90.38400268554688, 525.3339996337891, 98.90400695800781, 538.7259979248047], "Font": {"alt_family_name": "Symbol", "embedded": true, "encoding": "Identity-H", "family_name": "Symbol", "font_type": "CIDFontType2", "italic": false, "monospaced": false, "name": "Symbol", "subset": false, "weight": 400}, "HasClip": true, "ObjectID": 250, "Page": 0, "Path": "//Document/Sect/L/LI[2]/Lbl", "Text": "\uf0b7 ", "TextSize": 12.0}, {"Bounds": [108.3800048828125, 525.3580017089844, 520.1360931396484, 536.2660064697266], "Font": {"alt_family_name": "Times New Roman", "embedded": false, "encoding": "WinAnsiEncoding", "family_name": "Times New Roman", "font_type": "TrueType", "italic": false, "monospaced": false, "name": "Times New Roman", "subset": false, "weight": 400}, "HasClip": true, "ObjectID": 251, "Page": 0, "Path": "//Document/Sect/L/LI[2]/LBody", "Text": "To familiarize oneself/students with the practice of managing ethics in organizations. ", "TextSize": 12.0}, {"Bounds": [66.98399353027344, 497.63800048828125, 193.93191528320312, 508.35400390625], "Font": {"alt_family_name": "Times New Roman", "embedded": false, "encoding": "WinAnsiEncoding", "family_name": "Times New Roman", "font_type": "TrueType", "italic": false, "monospaced": false, "name": "Times New Roman,Bold", "subset": false, "weight": 700}, "HasClip": true, "Lang": "en", "ObjectID": 252, "Page": 0, "Path": "//Document/Sect/P[10]", "Text": "Course Outcomes (CO): ", "TextSize": 12.0}, {"Bounds": [66.98399353027344, 484.0780029296875, 182.63999938964844, 494.9859924316406], "Font": {"alt_family_name": "Times New Roman", "embedded": false, "encoding": "WinAnsiEncoding", "family_name": "Times New Roman", "font_type": "TrueType", "italic": false, "monospaced": false, "name": "Times New Roman", "subset": false, "weight": 400}, "HasClip": true, "ObjectID": 254, "Page": 0, "Path": "//Document/Sect/P[11]/Sub", "Text": "Students will be able to ", "TextSize": 12.0, "attributes": {"Placement": "Block"}}, {"Bounds": [66.98399353027344, 470.0379943847656, 560.9440002441406, 480.9459991455078], "Font": {"alt_family_name": "Times New Roman", "embedded": false, "encoding": "WinAnsiEncoding", "family_name": "Times New Roman", "font_type": "TrueType", "italic": false, "monospaced": false, "name": "Times New Roman", "subset": false, "weight": 400}, "HasClip": true, "ObjectID": 255, "Page": 0, "Path": "//Document/Sect/P[11]/Sub[2]", "Text": "CO1 Examine ethical principles and moral or ethical problems that arise in a businessenvironment. ", "TextSize": 12.0, "attributes": {"Placement": "Block"}}, {"Bounds": [66.98399353027344, 455.1580047607422, 557.2359924316406, 466.0659942626953], "Font": {"alt_family_name": "Times New Roman", "embedded": false, "encoding": "WinAnsiEncoding", "family_name": "Times New Roman", "font_type": "TrueType", "italic": false, "monospaced": false, "name": "Times New Roman", "subset": false, "weight": 400}, "HasClip": true, "ObjectID": 256, "Page": 0, "Path": "//Document/Sect/P[11]/Sub[3]", "Text": "CO2Understand the contemporary organizational standards, principles, sets of values and norms that ", "TextSize": 12.0, "attributes": {"Placement": "Block"}}, {"Bounds": [66.98399353027344, 440.51800537109375, 441.5140075683594, 451.4259948730469], "Font": {"alt_family_name": "Times New Roman", "embedded": false, "encoding": "WinAnsiEncoding", "family_name": "Times New Roman", "font_type": "TrueType", "italic": false, "monospaced": false, "name": "Times New Roman", "subset": false, "weight": 400}, "HasClip": true, "ObjectID": 257, "Page": 0, "Path": "//Document/Sect/P[11]/Sub[4]", "Text": "govern the actions and behavior of an individual in the business organization. ", "TextSize": 12.0, "attributes": {"Placement": "Block"}}, {"Bounds": [66.98399353027344, 426.71800231933594, 482.6840057373047, 437.6260070800781], "Font": {"alt_family_name": "Times New Roman", "embedded": false, "encoding": "WinAnsiEncoding", "family_name": "Times New Roman", "font_type": "TrueType", "italic": false, "monospaced": false, "name": "Times New Roman", "subset": false, "weight": 400}, "HasClip": true, "ObjectID": 258, "Page": 0, "Path": "//Document/Sect/P[11]/Sub[5]", "Text": "CO3 To understand roles and responsibilities of employee and employer at workplace ", "TextSize": 12.0, "attributes": {"Placement": "Block"}}, {"Bounds": [66.98399353027344, 412.9179992675781, 565.1300964355469, 423.8260040283203], "Font": {"alt_family_name": "Times New Roman", "embedded": false, "encoding": "WinAnsiEncoding", "family_name": "Times New Roman", "font_type": "TrueType", "italic": false, "monospaced": false, "name": "Times New Roman", "subset": false, "weight": 400}, "HasClip": true, "ObjectID": 259, "Page": 0, "Path": "//Document/Sect/P[11]/Sub[6]", "Text": "CO4 Develop critical thinking based on the importance and impact of Corporate governance and ethics ", "TextSize": 12.0, "attributes": {"Placement": "Block"}}, {"Bounds": [66.98399353027344, 385.3179931640625, 568.9319152832031, 410.0260009765625], "Font": {"alt_family_name": "Times New Roman", "embedded": false, "encoding": "WinAnsiEncoding", "family_name": "Times New Roman", "font_type": "TrueType", "italic": false, "monospaced": false, "name": "Times New Roman", "subset": false, "weight": 400}, "HasClip": true, "Lang": "en", "ObjectID": 260, "Page": 0, "Path": "//Document/Sect/P[12]", "Text": "CO5 Ability to understand how drug abuse affect work culture and environment and ways to get rid of it. . ", "TextSize": 12.0}, {"Bounds": [128.66000366210938, 20.207992553710938, 536.9799041748047, 371.0540008544922], "ObjectID": 261, "Page": 0, "Path": "//Document/Sect/Table", "attributes": {"BBox": [60.357499999998254, 13.711699999999837, 571.5369999999821, 381.2569999999978], "NumCol": 3, "NumRow": 5, "Placement": "Block", "SpaceAfter": 12.25}, "filePaths": ["tables/fileoutpart0.xlsx"]}, {"Bounds": [131.66000366210938, 360.33799743652344, 152.58804321289062, 371.0540008544922], "ObjectID": 263, "Page": 0, "Path": "//Document/Sect/Table/TR/TH", "attributes": {"BBox": [60.357499999998254, 352.57799999999406, 219.8309999999983, 381.2569999999978], "BlockAlign": "Middle", "BorderColor": [0, 0, 0], "BorderStyle": "Solid", "BorderThickness": [1.25, 0.5, 1.125, 0.5], "ColIndex": 0, "Height": 28.625, "InlineAlign": "Center", "RowIndex": 0, "Width": 159.5}}, {"Bounds": [131.66000366210938, 360.33799743652344, 152.58804321289062, 371.0540008544922], "Font": {"alt_family_name": "Times New Roman", "embedded": false, "encoding": "WinAnsiEncoding", "family_name": "Times New Roman", "font_type": "TrueType", "italic": false, "monospaced": false, "name": "Times New Roman,Bold", "subset": false, "weight": 700}, "HasClip": true, "Lang": "en", "ObjectID": 264, "Page": 0, "Path": "//Document/Sect/Table/TR/TH/P", "Text": "CO ", "TextSize": 12.0, "attributes": {"LineHeight": 14.375}}, {"Bounds": [227.4499969482422, 360.33799743652344, 343.5019989013672, 371.0540008544922], "ObjectID": 265, "Page": 0, "Path": "//Document/Sect/Table/TR/TH[2]", "attributes": {"BBox": [218.75099999999657, 352.57799999999406, 490.0599999999977, 381.2569999999978], "BlockAlign": "Middle", "BorderColor": [0, 0, 0], "BorderStyle": "Solid", "BorderThickness": [1.25, 0.5, 0.5, 0.5], "ColIndex": 1, "Height": 28.625, "InlineAlign": "Start", "RowIndex": 0, "Width": 271.25}}, {"Bounds": [227.4499969482422, 360.33799743652344, 343.5019989013672, 371.0540008544922], "Font": {"alt_family_name": "Times New Roman", "embedded": false, "encoding": "WinAnsiEncoding", "family_name": "Times New Roman", "font_type": "TrueType", "italic": false, "monospaced": false, "name": "Times New Roman,Bold", "subset": false, "weight": 700}, "HasClip": true, "Lang": "en", "ObjectID": 266, "Page": 0, "Path": "//Document/Sect/Table/TR/TH[2]/P", "Text": "Topics to be discussed ", "TextSize": 12.0, "attributes": {"LineHeight": 14.375}}, {"Bounds": [497.6199951171875, 360.33799743652344, 536.9799041748047, 371.0540008544922], "ObjectID": 267, "Page": 0, "Path": "//Document/Sect/Table/TR/TH[3]", "attributes": {"BBox": [488.9799999999959, 352.57799999999406, 572.6169999999984, 381.2569999999978], "BlockAlign": "Middle", "BorderColor": [0, 0, 0], "BorderStyle": "Solid", "BorderThickness": [1.25, 0.5, 0.5, 1.125], "ColIndex": 2, "Height": 28.625, "InlineAlign": "Start", "RowIndex": 0, "Width": 83.625}}, {"Bounds": [497.6199951171875, 360.33799743652344, 536.9799041748047, 371.0540008544922], "Font": {"alt_family_name": "Times New Roman", "embedded": false, "encoding": "WinAnsiEncoding", "family_name": "Times New Roman", "font_type": "TrueType", "italic": false, "monospaced": false, "name": "Times New Roman,Bold", "subset": false, "weight": 700}, "HasClip": true, "Lang": "en", "ObjectID": 268, "Page": 0, "Path": "//Document/Sect/Table/TR/TH[3]/P", "Text": "L. Hrs. ", "TextSize": 12.0, "attributes": {"LineHeight": 14.375}}, {"Bounds": [128.66000366210938, 333.93800354003906, 155.66000366210938, 344.6540069580078], "ObjectID": 270, "Page": 0, "Path": "//Document/Sect/Table/TR[2]/TH", "attributes": {"BBox": [60.357499999998254, 314.05899999999383, 219.8309999999983, 353.6579999999958], "BlockAlign": "Before", "BorderColor": [0, 0, 0], "BorderStyle": "Solid", "BorderThickness": [0.5, 0.5, 1.125, 0.5], "ColIndex": 0, "Height": 39.625, "InlineAlign": "Center", "RowIndex": 1, "Width": 159.5}}, {"Bounds": [128.66000366210938, 333.93800354003906, 155.66000366210938, 344.6540069580078], "Font": {"alt_family_name": "Times New Roman", "embedded": false, "encoding": "WinAnsiEncoding", "family_name": "Times New Roman", "font_type": "TrueType", "italic": false, "monospaced": false, "name": "Times New Roman,Bold", "subset": false, "weight": 700}, "HasClip": true, "Lang": "en", "ObjectID": 271, "Page": 0, "Path": "//Document/Sect/Table/TR[2]/TH/P", "Text": "CO1 ", "TextSize": 12.0, "attributes": {"LineHeight": 14.375}}, {"Bounds": [229.85000610351562, 320.3780059814453, 457.1860046386719, 344.6540069580078], "ObjectID": 272, "Page": 0, "Path": "//Document/Sect/Table/TR[2]/TD", "attributes": {"BBox": [218.75099999999657, 314.05899999999383, 490.0599999999977, 353.6579999999958], "BlockAlign": "Middle", "BorderColor": [0, 0, 0], "BorderStyle": "Solid", "BorderThickness": 0.5, "ColIndex": 1, "Height": 39.625, "InlineAlign": "Start", "RowIndex": 1, "Width": 271.25}}, {"Bounds": [229.85000610351562, 333.93800354003906, 457.1860046386719, 344.6540069580078], "Font": {"alt_family_name": "Times New Roman", "embedded": false, "encoding": "WinAnsiEncoding", "family_name": "Times New Roman", "font_type": "TrueType", "italic": false, "monospaced": false, "name": "Times New Roman,Bold", "subset": false, "weight": 700}, "HasClip": true, "Lang": "en", "ObjectID": 273, "Page": 0, "Path": "//Document/Sect/Table/TR[2]/TD/P", "Text": "Ethical. Problems Occur in Business. ", "TextSize": 12.0, "attributes": {"LineHeight": 14.375}}, {"Bounds": [229.85000610351562, 320.3780059814453, 450.05799865722656, 331.28599548339844], "Font": {"alt_family_name": "Times New Roman", "embedded": false, "encoding": "WinAnsiEncoding", "family_name": "Times New Roman", "font_type": "TrueType", "italic": false, "monospaced": false, "name": "Times New Roman", "subset": false, "weight": 400}, "HasClip": true, "Lang": "en", "ObjectID": 274, "Page": 0, "Path": "//Document/Sect/Table/TR[2]/TD/P[2]", "Text": "Managing Ethical Behavior at theWorkplace. ", "TextSize": 12.0, "attributes": {"LineHeight": 14.375}}, {"Bounds": [513.5800018310547, 334.17799377441406, 522.5800018310547, 345.08599853515625], "ObjectID": 275, "Page": 0, "Path": "//Document/Sect/Table/TR[2]/TD[2]", "attributes": {"BBox": [488.9799999999959, 314.05899999999383, 572.6169999999984, 353.6579999999958], "BlockAlign": "Before", "BorderColor": [0, 0, 0], "BorderStyle": "Solid", "BorderThickness": [0.5, 0.5, 0.5, 1.125], "ColIndex": 2, "Height": 39.625, "InlineAlign": "Start", "RowIndex": 1, "Width": 83.625}}, {"Bounds": [513.5800018310547, 334.17799377441406, 522.5800018310547, 345.08599853515625], "Font": {"alt_family_name": "Times New Roman", "embedded": false, "encoding": "WinAnsiEncoding", "family_name": "Times New Roman", "font_type": "TrueType", "italic": false, "monospaced": false, "name": "Times New Roman", "subset": false, "weight": 400}, "HasClip": true, "Lang": "en", "ObjectID": 276, "Page": 0, "Path": "//Document/Sect/Table/TR[2]/TD[2]/P", "Text": "3 ", "TextSize": 12.0, "attributes": {"LineHeight": 14.375}}, {"Bounds": [128.66000366210938, 295.4179992675781, 155.66000366210938, 306.1340026855469], "ObjectID": 278, "Page": 0, "Path": "//Document/Sect/Table/TR[3]/TH", "attributes": {"BBox": [60.357499999998254, 206.42399999999907, 219.8309999999983, 315.1389999999956], "BlockAlign": "Before", "BorderColor": [0, 0, 0], "BorderStyle": "Solid", "BorderThickness": [0.5, 0.5, 1.125, 0.5], "ColIndex": 0, "Height": 108.75, "InlineAlign": "Center", "RowIndex": 2, "Width": 159.5}}, {"Bounds": [128.66000366210938, 295.4179992675781, 155.66000366210938, 306.1340026855469], "Font": {"alt_family_name": "Times New Roman", "embedded": false, "encoding": "WinAnsiEncoding", "family_name": "Times New Roman", "font_type": "TrueType", "italic": false, "monospaced": false, "name": "Times New Roman,Bold", "subset": false, "weight": 700}, "HasClip": true, "Lang": "en", "ObjectID": 279, "Page": 0, "Path": "//Document/Sect/Table/TR[3]/TH/P", "Text": "CO2 ", "TextSize": 12.0, "attributes": {"LineHeight": 14.375}}, {"Bounds": [229.85000610351562, 212.85800170898438, 477.7119140625, 306.5659942626953], "ObjectID": 280, "Page": 0, "Path": "//Document/Sect/Table/TR[3]/TD", "attributes": {"BBox": [218.75099999999657, 206.42399999999907, 490.0599999999977, 315.1389999999956], "BlockAlign": "Before", "BorderColor": [0, 0, 0], "BorderStyle": "Solid", "BorderThickness": 0.5, "ColIndex": 1, "Height": 108.75, "InlineAlign": "Start", "RowIndex": 2, "Width": 271.25}}, {"Bounds": [229.85000610351562, 212.85800170898438, 477.7119140625, 306.5659942626953], "Font": {"alt_family_name": "Times New Roman", "embedded": false, "encoding": "WinAnsiEncoding", "family_name": "Times New Roman", "font_type": "TrueType", "italic": false, "monospaced": false, "name": "Times New Roman", "subset": false, "weight": 400}, "HasClip": true, "Lang": "en", "ObjectID": 281, "Page": 0, "Path": "//Document/Sect/Table/TR[3]/TD/P", "Text": "Business Ethics in Contemporary Businesses: Factors that Affect Ethical Behavior in the Workplace- Organizational Citizenship Behavior in the Workplace Difference Between Workplace Ethics and the Law-Ethical Decision Making. Technical Ethics-Cyber Crime, hacking, Etiquettes of writing an e-mail, etc. . ", "TextSize": 12.0, "attributes": {"LineHeight": 13.75, "TextAlign": "Justify"}}, {"Bounds": [513.5800018310547, 295.6580047607422, 522.5800018310547, 306.5659942626953], "ObjectID": 282, "Page": 0, "Path": "//Document/Sect/Table/TR[3]/TD[2]", "attributes": {"BBox": [488.9799999999959, 206.42399999999907, 572.6169999999984, 315.1389999999956], "BlockAlign": "Before", "BorderColor": [0, 0, 0], "BorderStyle": "Solid", "BorderThickness": [0.5, 0.5, 0.5, 1.125], "ColIndex": 2, "Height": 108.75, "InlineAlign": "Start", "RowIndex": 2, "Width": 83.625}}, {"Bounds": [513.5800018310547, 295.6580047607422, 522.5800018310547, 306.5659942626953], "Font": {"alt_family_name": "Times New Roman", "embedded": false, "encoding": "WinAnsiEncoding", "family_name": "Times New Roman", "font_type": "TrueType", "italic": false, "monospaced": false, "name": "Times New Roman", "subset": false, "weight": 400}, "HasClip": true, "Lang": "en", "ObjectID": 283, "Page": 0, "Path": "//Document/Sect/Table/TR[3]/TD[2]/P", "Text": "6 ", "TextSize": 12.0, "attributes": {"LineHeight": 14.375}}, {"Bounds": [128.66000366210938, 187.7480010986328, 155.66000366210938, 198.46400451660156], "ObjectID": 285, "Page": 0, "Path": "//Document/Sect/Table/TR[4]/TH", "attributes": {"BBox": [60.357499999998254, 129.86699999999837, 219.8309999999983, 207.50399999999354], "BlockAlign": "Before", "BorderColor": [0, 0, 0], "BorderStyle": "Solid", "BorderThickness": [0.5, 0.5, 1.125, 0.5], "ColIndex": 0, "Height": 77.625, "InlineAlign": "Center", "RowIndex": 3, "Width": 159.5}}, {"Bounds": [128.66000366210938, 187.7480010986328, 155.66000366210938, 198.46400451660156], "Font": {"alt_family_name": "Times New Roman", "embedded": false, "encoding": "WinAnsiEncoding", "family_name": "Times New Roman", "font_type": "TrueType", "italic": false, "monospaced": false, "name": "Times New Roman,Bold", "subset": false, "weight": 700}, "HasClip": true, "Lang": "en", "ObjectID": 286, "Page": 0, "Path": "//Document/Sect/Table/TR[4]/TH/P", "Text": "CO3 ", "TextSize": 12.0, "attributes": {"LineHeight": 14.375}}, {"Bounds": [229.85000610351562, 136.0279998779297, 477.6999969482422, 201.83599853515625], "ObjectID": 287, "Page": 0, "Path": "//Document/Sect/Table/TR[4]/TD", "attributes": {"BBox": [218.75099999999657, 129.86699999999837, 490.0599999999977, 207.50399999999354], "BlockAlign": "Before", "BorderColor": [0, 0, 0], "BorderStyle": "Solid", "BorderThickness": 0.5, "ColIndex": 1, "Height": 77.625, "InlineAlign": "Start", "RowIndex": 3, "Width": 271.25}}, {"Bounds": [229.85000610351562, 162.30799865722656, 477.6999969482422, 201.83599853515625], "Font": {"alt_family_name": "Times New Roman", "embedded": false, "encoding": "WinAnsiEncoding", "family_name": "Times New Roman", "font_type": "TrueType", "italic": false, "monospaced": false, "name": "Times New Roman", "subset": false, "weight": 400}, "HasClip": true, "Lang": "en", "ObjectID": 288, "Page": 0, "Path": "//Document/Sect/Table/TR[4]/TD/P", "Text": "Role of employees and Ethics in work place \u2013 Organizational Ethical Climate: Issues & Improvement-Need for ethical behavior; ", "TextSize": 12.0, "attributes": {"LineHeight": 13.125, "TextAlign": "Justify"}}, {"Bounds": [229.85000610351562, 136.0279998779297, 477.6879119873047, 160.13600158691406], "Font": {"alt_family_name": "Times New Roman", "embedded": false, "encoding": "WinAnsiEncoding", "family_name": "Times New Roman", "font_type": "TrueType", "italic": false, "monospaced": false, "name": "Times New Roman", "subset": false, "weight": 400}, "HasClip": true, "Lang": "en", "ObjectID": 289, "Page": 0, "Path": "//Document/Sect/Table/TR[4]/TD/P[2]", "Text": "Resolutions of ethical dilemmas- Ethics Policies, Training & Reporting Programs in the Workplace. ", "TextSize": 12.0, "attributes": {"LineHeight": 13.25, "TextAlign": "Justify"}}, {"Bounds": [513.5800018310547, 187.98800659179688, 522.5800018310547, 198.89599609375], "ObjectID": 290, "Page": 0, "Path": "//Document/Sect/Table/TR[4]/TD[2]", "attributes": {"BBox": [488.9799999999959, 129.86699999999837, 572.6169999999984, 207.50399999999354], "BlockAlign": "Before", "BorderColor": [0, 0, 0], "BorderStyle": "Solid", "BorderThickness": [0.5, 0.5, 0.5, 1.125], "ColIndex": 2, "Height": 77.625, "InlineAlign": "Start", "RowIndex": 3, "Width": 83.625}}, {"Bounds": [513.5800018310547, 187.98800659179688, 522.5800018310547, 198.89599609375], "Font": {"alt_family_name": "Times New Roman", "embedded": false, "encoding": "WinAnsiEncoding", "family_name": "Times New Roman", "font_type": "TrueType", "italic": false, "monospaced": false, "name": "Times New Roman", "subset": false, "weight": 400}, "HasClip": true, "Lang": "en", "ObjectID": 291, "Page": 0, "Path": "//Document/Sect/Table/TR[4]/TD[2]/P", "Text": "3 ", "TextSize": 12.0, "attributes": {"LineHeight": 14.375}}, {"Bounds": [128.66000366210938, 111.18800354003906, 155.66000366210938, 121.90400695800781], "ObjectID": 293, "Page": 0, "Path": "//Document/Sect/Table/TR[5]/TH", "attributes": {"BBox": [60.357499999998254, 12.511699999999564, 219.8309999999983, 130.94699999999284], "BlockAlign": "Before", "BorderColor": [0, 0, 0], "BorderStyle": "Solid", "BorderThickness": [0.5, 1.25, 1.125, 0.5], "ColIndex": 0, "Height": 118.375, "InlineAlign": "Center", "RowIndex": 4, "Width": 159.5}}, {"Bounds": [128.66000366210938, 111.18800354003906, 155.66000366210938, 121.90400695800781], "Font": {"alt_family_name": "Times New Roman", "embedded": false, "encoding": "WinAnsiEncoding", "family_name": "Times New Roman", "font_type": "TrueType", "italic": false, "monospaced": false, "name": "Times New Roman,Bold", "subset": false, "weight": 700}, "HasClip": true, "Lang": "en", "ObjectID": 294, "Page": 0, "Path": "//Document/Sect/Table/TR[5]/TH/P", "Text": "CO4 ", "TextSize": 12.0, "attributes": {"LineHeight": 14.375}}, {"Bounds": [229.85000610351562, 20.207992553710938, 457.31199645996094, 125.2760009765625], "ObjectID": 295, "Page": 0, "Path": "//Document/Sect/Table/TR[5]/TD", "attributes": {"BBox": [218.75099999999657, 12.511699999999564, 490.0599999999977, 130.94699999999284], "BlockAlign": "Before", "BorderColor": [0, 0, 0], "BorderStyle": "Solid", "BorderThickness": [0.5, 1.25, 0.5, 0.5], "ColIndex": 1, "Height": 118.375, "InlineAlign": "Start", "RowIndex": 4, "Width": 271.25}}, {"Bounds": [229.85000610351562, 20.207992553710938, 457.31199645996094, 125.2760009765625], "Font": {"alt_family_name": "Times New Roman", "embedded": false, "encoding": "WinAnsiEncoding", "family_name": "Times New Roman", "font_type": "TrueType", "italic": false, "monospaced": false, "name": "Times New Roman", "subset": false, "weight": 400}, "HasClip": true, "Lang": "en", "ObjectID": 296, "Page": 0, "Path": "//Document/Sect/Table/TR[5]/TD/P", "Text": "Corporate Governance and Ethics \u2013 Key Players (Stakeholders) \u2013Corporate governance and Ethics: Global and Indian Perspective -Regulatory bodies (Global View). CorporateSocial responsibility: Ethical challenges (Sources and their resolutions in all functional areas)-Corporate scandals- Causes, Consequences and Cures. ", "TextSize": 12.0, "attributes": {"LineHeight": 13.125}}, {"Bounds": [510.5800018310547, 111.42799377441406, 519.5800018310547, 122.33599853515625], "ObjectID": 297, "Page": 0, "Path": "//Document/Sect/Table/TR[5]/TD[2]", "attributes": {"BBox": [488.9799999999959, 12.511699999999564, 572.6169999999984, 130.94699999999284], "BlockAlign": "Before", "BorderColor": [0, 0, 0], "BorderStyle": "Solid", "BorderThickness": [0.5, 1.25, 0.5, 1.125], "ColIndex": 2, "Height": 118.375, "InlineAlign": "Start", "RowIndex": 4, "Width": 83.625}}, {"Bounds": [510.5800018310547, 111.42799377441406, 519.5800018310547, 122.33599853515625], "Font": {"alt_family_name": "Times New Roman", "embedded": false, "encoding": "WinAnsiEncoding", "family_name": "Times New Roman", "font_type": "TrueType", "italic": false, "monospaced": false, "name": "Times New Roman", "subset": false, "weight": 400}, "HasClip": true, "Lang": "en", "ObjectID": 298, "Page": 0, "Path": "//Document/Sect/Table/TR[5]/TD[2]/P", "Text": "4 ", "TextSize": 12.0, "attributes": {"LineHeight": 14.375}}, {"Bounds": [66.98399353027344, 314.6179962158203, 568.7760009765625, 711.4960021972656], "ClipBounds": [66.98399353027344, 314.6179962158203, 568.7760009765625, 711.4960021972656], "ObjectID": 299, "Page": 1, "Path": "//Document/Sect/Table[2]", "attributes": {"BBox": [60.357499999998254, 598.0879999999888, 571.5369999999821, 721.2029999999795], "NumCol": 3, "NumRow": 9, "Placement": "Block", "SpaceAfter": 11.25}, "filePaths": ["tables/fileoutpart1.xlsx"]}, {"Bounds": [128.66000366210938, 700.3480072021484, 155.66000366210938, 711.0639953613281], "ClipBounds": [128.66000366210938, 700.3480072021484, 155.66000366210938, 711.0639953613281], "ObjectID": 301, "Page": 1, "Path": "//Document/Sect/Table[2]/TR/TD", "attributes": {"BBox": [60.357499999998254, 666.9649999999965, 219.8309999999983, 721.2029999999795], "BlockAlign": "Before", "BorderColor": [0, 0, 0], "BorderStyle": "Solid", "BorderThickness": [1.25, 0.5, 1.125, 0.5], "ColIndex": 0, "Height": 54.25, "InlineAlign": "Center", "RowIndex": 0, "Width": 159.5}}, {"Bounds": [128.66000366210938, 700.3480072021484, 155.66000366210938, 711.0639953613281], "ClipBounds": [128.66000366210938, 700.3480072021484, 155.66000366210938, 711.0639953613281], "Font": {"alt_family_name": "Times New Roman", "embedded": false, "encoding": "WinAnsiEncoding", "family_name": "Times New Roman", "font_type": "TrueType", "italic": false, "monospaced": false, "name": "Times New Roman,Bold", "subset": false, "weight": 700}, "HasClip": true, "Lang": "en", "ObjectID": 302, "Page": 1, "Path": "//Document/Sect/Table[2]/TR/TD/P", "Text": "CO5 ", "TextSize": 12.0, "attributes": {"LineHeight": 14.375}}, {"Bounds": [229.97000122070312, 672.9880065917969, 487.659912109375, 711.2559967041016], "ClipBounds": [229.97000122070312, 672.9880065917969, 487.659912109375, 711.2559967041016], "ObjectID": 303, "Page": 1, "Path": "//Document/Sect/Table[2]/TR/TD[2]", "attributes": {"BBox": [218.75099999999657, 666.9649999999965, 490.0599999999977, 721.2029999999795], "BlockAlign": "Middle", "BorderColor": [0, 0, 0], "BorderStyle": "Solid", "BorderThickness": [1.25, 0.5, 0.5, 0.5], "ColIndex": 1, "Height": 54.25, "InlineAlign": "Start", "RowIndex": 0, "Width": 271.25}}, {"Bounds": [229.97000122070312, 672.9880065917969, 487.659912109375, 711.2559967041016], "ClipBounds": [229.97000122070312, 672.9880065917969, 487.659912109375, 711.2559967041016], "Font": {"alt_family_name": "Times New Roman", "embedded": false, "encoding": "WinAnsiEncoding", "family_name": "Times New Roman", "font_type": "TrueType", "italic": false, "monospaced": false, "name": "Times New Roman", "subset": false, "weight": 400}, "HasClip": true, "Lang": "en", "ObjectID": 304, "Page": 1, "Path": "//Document/Sect/Table[2]/TR/TD[2]/P", "Text": "Drug Abuse-Abuse of different types of legal and illegal drugs: ethical values, causes, impact, laws and prevention ", "TextSize": 12.0, "attributes": {"LineHeight": 13.625, "TextAlign": "Justify"}}, {"Bounds": [510.5800018310547, 700.5879974365234, 519.5800018310547, 711.4960021972656], "ClipBounds": [510.5800018310547, 700.5879974365234, 519.5800018310547, 711.4960021972656], "ObjectID": 305, "Page": 1, "Path": "//Document/Sect/Table[2]/TR/TD[3]", "attributes": {"BBox": [488.9799999999959, 666.9649999999965, 572.6169999999984, 721.2029999999795], "BlockAlign": "Before", "BorderColor": [0, 0, 0], "BorderStyle": "Solid", "BorderThickness": [1.25, 0.5, 0.5, 1.125], "ColIndex": 2, "Height": 54.25, "InlineAlign": "Start", "RowIndex": 0, "Width": 83.625}}, {"Bounds": [510.5800018310547, 700.5879974365234, 519.5800018310547, 711.4960021972656], "ClipBounds": [510.5800018310547, 700.5879974365234, 519.5800018310547, 711.4960021972656], "Font": {"alt_family_name": "Times New Roman", "embedded": false, "encoding": "WinAnsiEncoding", "family_name": "Times New Roman", "font_type": "TrueType", "italic": false, "monospaced": false, "name": "Times New Roman", "subset": false, "weight": 400}, "HasClip": true, "Lang": "en", "ObjectID": 306, "Page": 1, "Path": "//Document/Sect/Table[2]/TR/TD[3]/P", "Text": "4 ", "TextSize": 12.0, "attributes": {"LineHeight": 14.375}}, {"ObjectID": 308, "Path": "//Document/Sect/Table[2]/TR[2]/TD", "attributes": {"BBox": [60.357499999998254, 637.9259999999776, 219.8309999999983, 668.0449999999837], "BlockAlign": "Before", "BorderColor": [0, 0, 0], "BorderStyle": "Solid", "BorderThickness": [0.5, 0.625, 1.125, 0.5], "ColIndex": 0, "Height": 30.125, "InlineAlign": "Center", "RowIndex": 1, "Width": 159.5}}, {"Bounds": [224.4499969482422, 648.2680053710938, 301.6339111328125, 658.9839935302734], "ClipBounds": [224.4499969482422, 648.2680053710938, 301.6339111328125, 658.9839935302734], "ObjectID": 309, "Page": 1, "Path": "//Document/Sect/Table[2]/TR[2]/TD[2]", "attributes": {"BBox": [218.75099999999657, 637.9259999999776, 490.0599999999977, 668.0449999999837], "BlockAlign": "Middle", "BorderColor": [0, 0, 0], "BorderStyle": "Solid", "BorderThickness": [0.5, 0.625, 0.5, 0.5], "ColIndex": 1, "Height": 30.125, "InlineAlign": "Start", "RowIndex": 1, "Width": 271.25}}, {"Bounds": [224.4499969482422, 648.2680053710938, 301.6339111328125, 658.9839935302734], "ClipBounds": [224.4499969482422, 648.2680053710938, 301.6339111328125, 658.9839935302734], "Font": {"alt_family_name": "Times New Roman", "embedded": false, "encoding": "WinAnsiEncoding", "family_name": "Times New Roman", "font_type": "TrueType", "italic": false, "monospaced": false, "name": "Times New Roman,Bold", "subset": false, "weight": 700}, "HasClip": true, "Lang": "en", "ObjectID": 310, "Page": 1, "Path": "//Document/Sect/Table[2]/TR[2]/TD[2]/P", "Text": "Total Lecture: ", "TextSize": 12.0, "attributes": {"LineHeight": 14.375}}, {"Bounds": [494.6199951171875, 648.5079956054688, 509.6199951171875, 659.4160003662109], "ClipBounds": [494.6199951171875, 648.5079956054688, 509.6199951171875, 659.4160003662109], "ObjectID": 311, "Page": 1, "Path": "//Document/Sect/Table[2]/TR[2]/TD[3]", "attributes": {"BBox": [488.9799999999959, 637.9259999999776, 572.6169999999984, 668.0449999999837], "BlockAlign": "Middle", "BorderColor": [0, 0, 0], "BorderStyle": "Solid", "BorderThickness": [0.5, 0.625, 0.5, 1.125], "ColIndex": 2, "Height": 30.125, "InlineAlign": "Start", "RowIndex": 1, "Width": 83.625}}, {"Bounds": [494.6199951171875, 648.5079956054688, 509.6199951171875, 659.4160003662109], "ClipBounds": [494.6199951171875, 648.5079956054688, 509.6199951171875, 659.4160003662109], "Font": {"alt_family_name": "Times New Roman", "embedded": false, "encoding": "WinAnsiEncoding", "family_name": "Times New Roman", "font_type": "TrueType", "italic": false, "monospaced": false, "name": "Times New Roman", "subset": false, "weight": 400}, "HasClip": true, "Lang": "en", "ObjectID": 312, "Page": 1, "Path": "//Document/Sect/Table[2]/TR[2]/TD[3]/P", "Text": "20 ", "TextSize": 12.0, "attributes": {"LineHeight": 14.375}}, {"Bounds": [66.98399353027344, 605.9080047607422, 512.8820953369141, 630.6159973144531], "ClipBounds": [66.98399353027344, 605.9080047607422, 512.8820953369141, 630.6159973144531], "ObjectID": 314, "Page": 1, "Path": "//Document/Sect/Table[2]/TR[3]/TD", "attributes": {"BBox": [60.357499999998254, 597.0079999999725, 509.85899999999674, 639.1259999999893], "BlockAlign": "Middle", "BorderColor": [[0, 0, 0], [0, 0, 0], [0, 0, 0], null], "BorderStyle": ["Solid", "Solid", "Solid", "None"], "BorderThickness": [0.625, 0.5, 1.125, 0], "ColIndex": 0, "ColSpan": 2, "Height": 42.125, "InlineAlign": "Start", "RowIndex": 2, "Width": 449.5}}, {"Bounds": [66.98399353027344, 605.9080047607422, 512.8820953369141, 630.6159973144531], "ClipBounds": [66.98399353027344, 605.9080047607422, 512.8820953369141, 630.6159973144531], "Font": {"alt_family_name": "Times New Roman", "embedded": false, "encoding": "WinAnsiEncoding", "family_name": "Times New Roman", "font_type": "TrueType", "italic": false, "monospaced": false, "name": "Times New Roman", "subset": false, "weight": 400}, "HasClip": true, "Lang": "en", "ObjectID": 315, "Page": 1, "Path": "//Document/Sect/Table[2]/TR[3]/TD/P", "Text": "List of Experiments: Lectures, Individual Exercises, Team Exercises, Assignments, Discussion ", "TextSize": 12.0, "attributes": {"LineHeight": 13.75}}, {"Bounds": [69.98399353027344, 550.947998046875, 452.75, 589.0240020751953], "ClipBounds": [69.98399353027344, 550.947998046875, 452.75, 589.0240020751953], "ObjectID": 317, "Page": 1, "Path": "//Document/Sect/Table[2]/TR[4]/TD", "attributes": {"BBox": [60.357499999998254, 544.6899999999732, 454.4219999999914, 598.0879999999888], "BlockAlign": "Middle", "BorderColor": [[0, 0, 0], [0, 0, 0], [0, 0, 0], null], "BorderStyle": ["Solid", "Solid", "Solid", "None"], "BorderThickness": [0.5, 0.5, 1.125, 0], "ColIndex": 0, "ColSpan": 2, "Height": 53.375, "InlineAlign": "Start", "RowIndex": 3, "Width": 394.125}}, {"Bounds": [69.98399353027344, 578.3079986572266, 134.66400146484375, 589.0240020751953], "ClipBounds": [69.98399353027344, 578.3079986572266, 134.66400146484375, 589.0240020751953], "Font": {"alt_family_name": "Times New Roman", "embedded": false, "encoding": "WinAnsiEncoding", "family_name": "Times New Roman", "font_type": "TrueType", "italic": false, "monospaced": false, "name": "Times New Roman,Bold", "subset": false, "weight": 700}, "HasClip": true, "Lang": "en", "ObjectID": 318, "Page": 1, "Path": "//Document/Sect/Table[2]/TR[4]/TD/P", "Text": "Text Books: ", "TextSize": 12.0, "attributes": {"LineHeight": 14.375}}, {"Bounds": [84.98399353027344, 550.947998046875, 452.75, 575.656005859375], "ClipBounds": [84.98399353027344, 550.947998046875, 452.75, 575.656005859375], "Font": {"alt_family_name": "Times New Roman", "embedded": false, "encoding": "WinAnsiEncoding", "family_name": "Times New Roman", "font_type": "TrueType", "italic": false, "monospaced": false, "name": "Times New Roman", "subset": false, "weight": 400}, "HasClip": true, "Lang": "en", "ObjectID": 319, "Page": 1, "Path": "//Document/Sect/Table[2]/TR[4]/TD/P[2]", "Text": "1. Fernando  A  C,  (2021),  Business  Ethics  and  Corporate  Governance, 2ndedition, Pearson Education. ", "TextSize": 12.0, "attributes": {"LineHeight": 13.75}}, {"Bounds": [66.98399353027344, 429.59800720214844, 568.7760009765625, 536.6739959716797], "ClipBounds": [66.98399353027344, 429.59800720214844, 568.7760009765625, 536.6739959716797], "ObjectID": 321, "Page": 1, "Path": "//Document/Sect/Table[2]/TR[5]/TD", "attributes": {"BBox": [60.357499999998254, 423.2549999999901, 566.2569999999832, 545.7699999999895], "BlockAlign": "Before", "BorderColor": [0, 0, 0], "BorderStyle": "Solid", "BorderThickness": [0.5, 0.5, 1.125, 0.5], "ColIndex": 0, "ColSpan": 2, "Height": 122.5, "InlineAlign": "Start", "RowIndex": 4, "Width": 505.875}}, {"Bounds": [66.98399353027344, 525.9579925537109, 158.16000366210938, 536.6739959716797], "ClipBounds": [66.98399353027344, 525.9579925537109, 158.16000366210938, 536.6739959716797], "Font": {"alt_family_name": "Times New Roman", "embedded": false, "encoding": "WinAnsiEncoding", "family_name": "Times New Roman", "font_type": "TrueType", "italic": false, "monospaced": false, "name": "Times New Roman,Bold", "subset": false, "weight": 700}, "HasClip": true, "Lang": "en", "ObjectID": 322, "Page": 1, "Path": "//Document/Sect/Table[2]/TR[5]/TD/P", "Text": "Reference books: ", "TextSize": 12.0, "attributes": {"LineHeight": 14.375}}, {"Bounds": [84.98399353027344, 512.3979949951172, 96.98399353027344, 523.3059997558594], "ClipBounds": [84.98399353027344, 512.3979949951172, 96.98399353027344, 523.3059997558594], "Font": {"alt_family_name": "Times New Roman", "embedded": false, "encoding": "WinAnsiEncoding", "family_name": "Times New Roman", "font_type": "TrueType", "italic": false, "monospaced": false, "name": "Times New Roman", "subset": false, "weight": 400}, "HasClip": true, "ObjectID": 325, "Page": 1, "Path": "//Document/Sect/Table[2]/TR[5]/TD/L/LI/Lbl", "Text": "1. ", "TextSize": 12.0}, {"Bounds": [393.0, 512.0099945068359, 454.4980010986328, 525.8000030517578], "ClipBounds": [393.0, 512.0099945068359, 454.4980010986328, 525.8000030517578], "Font": {"alt_family_name": "Times New Roman", "embedded": false, "encoding": "WinAnsiEncoding", "family_name": "Times New Roman", "font_type": "TrueType", "italic": false, "monospaced": false, "name": "Times New Roman", "subset": false, "weight": 400}, "HasClip": true, "ObjectID": 328, "Page": 1, "Path": "//Document/Sect/Table[2]/TR[5]/TD/L/LI/LBody/StyleSpan/Reference", "Text": "Ethics   and ", "TextSize": 12.0}, {"Bounds": [102.97999572753906, 512.0099945068359, 454.4980010986328, 525.8000030517578], "ClipBounds": [102.97999572753906, 512.0099945068359, 454.4980010986328, 525.8000030517578], "Font": {"alt_family_name": "Times New Roman", "embedded": false, "encoding": "WinAnsiEncoding", "family_name": "Times New Roman", "font_type": "TrueType", "italic": false, "monospaced": false, "name": "Times New Roman", "subset": false, "weight": 400}, "HasClip": true, "ObjectID": 326, "Page": 1, "Path": "//Document/Sect/Table[2]/TR[5]/TD/L/LI/LBody", "Text": "Elizabeth   V.   Henderson,   Mariela   McIlwraith   (2012),   ", "TextSize": 12.0}, {"Bounds": [84.98399353027344, 498.59800720214844, 96.98399353027344, 509.50599670410156], "ClipBounds": [84.98399353027344, 498.59800720214844, 96.98399353027344, 509.50599670410156], "Font": {"alt_family_name": "Times New Roman", "embedded": false, "encoding": "WinAnsiEncoding", "family_name": "Times New Roman", "font_type": "TrueType", "italic": false, "monospaced": false, "name": "Times New Roman", "subset": false, "weight": 400}, "HasClip": true, "ObjectID": 330, "Page": 1, "Path": "//Document/Sect/Table[2]/TR[5]/TD/L/LI[2]/Lbl", "Text": "2. ", "TextSize": 12.0}, {"Bounds": [100.75, 498.2100067138672, 455.70799255371094, 512.0099945068359], "ClipBounds": [100.75, 498.2100067138672, 455.70799255371094, 512.0099945068359], "Font": {"alt_family_name": "Times New Roman", "embedded": false, "encoding": "WinAnsiEncoding", "family_name": "Times New Roman", "font_type": "TrueType", "italic": false, "monospaced": false, "name": "Times New Roman", "subset": false, "weight": 400}, "HasClip": true, "ObjectID": 333, "Page": 1, "Path": "//Document/Sect/Table[2]/TR[5]/TD/L/LI[2]/LBody/StyleSpan/Reference", "Text": "Corporate Social Responsibility in the Meetings and Events Industry, 1st ", "TextSize": 12.0}, {"Bounds": [450.7100067138672, 498.2100067138672, 530.5720062255859, 512.0099945068359], "ClipBounds": [450.7100067138672, 498.2100067138672, 530.5720062255859, 512.0099945068359], "Font": {"alt_family_name": "Times New Roman", "embedded": false, "encoding": "WinAnsiEncoding", "family_name": "Times New Roman", "font_type": "TrueType", "italic": false, "monospaced": false, "name": "Times New Roman", "subset": false, "weight": 400}, "HasClip": true, "ObjectID": 334, "Page": 1, "Path": "//Document/Sect/Table[2]/TR[5]/TD/L/LI[2]/LBody/StyleSpan/Reference[2]", "Text": "edition, Wiley. ", "TextSize": 12.0}, {"Bounds": [84.98399353027344, 484.7980041503906, 96.98399353027344, 495.70599365234375], "ClipBounds": [84.98399353027344, 484.7980041503906, 96.98399353027344, 495.70599365234375], "Font": {"alt_family_name": "Times New Roman", "embedded": false, "encoding": "WinAnsiEncoding", "family_name": "Times New Roman", "font_type": "TrueType", "italic": false, "monospaced": false, "name": "Times New Roman", "subset": false, "weight": 400}, "HasClip": true, "ObjectID": 336, "Page": 1, "Path": "//Document/Sect/Table[2]/TR[5]/TD/L/LI[3]/Lbl", "Text": "3. ", "TextSize": 12.0}, {"Bounds": [102.97999572753906, 470.9980010986328, 568.7760009765625, 495.70599365234375], "ClipBounds": [102.97999572753906, 470.9980010986328, 568.7760009765625, 495.70599365234375], "Font": {"alt_family_name": "Times New Roman", "embedded": false, "encoding": "WinAnsiEncoding", "family_name": "Times New Roman", "font_type": "TrueType", "italic": false, "monospaced": false, "name": "Times New Roman", "subset": false, "weight": 400}, "HasClip": true, "ObjectID": 337, "Page": 1, "Path": "//Document/Sect/Table[2]/TR[5]/TD/L/LI[3]/LBody", "Text": "V.Balachandran, V.Chandrasekaran (2011), Corporate Governance, Ethics and Social Responsibility, 2nd edition, Prentice Hall. ", "TextSize": 12.0}, {"Bounds": [84.98399353027344, 457.197998046875, 96.98399353027344, 468.1060028076172], "ClipBounds": [84.98399353027344, 457.197998046875, 96.98399353027344, 468.1060028076172], "Font": {"alt_family_name": "Times New Roman", "embedded": false, "encoding": "WinAnsiEncoding", "family_name": "Times New Roman", "font_type": "TrueType", "italic": false, "monospaced": false, "name": "Times New Roman", "subset": false, "weight": 400}, "HasClip": true, "ObjectID": 339, "Page": 1, "Path": "//Document/Sect/Table[2]/TR[5]/TD/L/LI[4]/Lbl", "Text": "4. ", "TextSize": 12.0}, {"Bounds": [102.97999572753906, 457.197998046875, 566.8800048828125, 468.1060028076172], "ClipBounds": [102.97999572753906, 457.197998046875, 566.8800048828125, 468.1060028076172], "Font": {"alt_family_name": "Times New Roman", "embedded": false, "encoding": "WinAnsiEncoding", "family_name": "Times New Roman", "font_type": "TrueType", "italic": false, "monospaced": false, "name": "Times New Roman", "subset": false, "weight": 400}, "HasClip": true, "ObjectID": 340, "Page": 1, "Path": "//Document/Sect/Table[2]/TR[5]/TD/L/LI[4]/LBody", "Text": "Ethics:  A  European  Review  (Oxford:  Blackwell  Publishers),  9  (4), October 2000, 288-295. ", "TextSize": 12.0}, {"Bounds": [84.98399353027344, 443.3979949951172, 96.98399353027344, 454.3059997558594], "ClipBounds": [84.98399353027344, 443.3979949951172, 96.98399353027344, 454.3059997558594], "Font": {"alt_family_name": "Times New Roman", "embedded": false, "encoding": "WinAnsiEncoding", "family_name": "Times New Roman", "font_type": "TrueType", "italic": false, "monospaced": false, "name": "Times New Roman", "subset": false, "weight": 400}, "HasClip": true, "ObjectID": 342, "Page": 1, "Path": "//Document/Sect/Table[2]/TR[5]/TD/L/LI[5]/Lbl", "Text": "5. ", "TextSize": 12.0}, {"Bounds": [102.97999572753906, 429.59800720214844, 568.3640899658203, 454.3059997558594], "ClipBounds": [102.97999572753906, 429.59800720214844, 568.3640899658203, 454.3059997558594], "Font": {"alt_family_name": "Times New Roman", "embedded": false, "encoding": "WinAnsiEncoding", "family_name": "Times New Roman", "font_type": "TrueType", "italic": false, "monospaced": false, "name": "Times New Roman", "subset": false, "weight": 400}, "HasClip": true, "ObjectID": 343, "Page": 1, "Path": "//Document/Sect/Table[2]/TR[5]/TD/L/LI[5]/LBody", "Text": "Dube KC, Handa SK. Drug use in health and mental illness in an Indian population. Br J Psychiatry (2020) ", "TextSize": 12.0}, {"Bounds": [66.98399353027344, 404.75799560546875, 312.4700927734375, 415.66600036621094], "ClipBounds": [66.98399353027344, 404.75799560546875, 312.4700927734375, 415.66600036621094], "ObjectID": 345, "Page": 1, "Path": "//Document/Sect/Table[2]/TR[6]/TD", "attributes": {"BBox": [60.357499999998254, 385.4569999999949, 454.4219999999914, 424.33499999999185], "BlockAlign": "Before", "BorderColor": [[0, 0, 0], [0, 0, 0], [0, 0, 0], null], "BorderStyle": ["Solid", "Solid", "Solid", "None"], "BorderThickness": [0.5, 0.625, 1.125, 0], "ColIndex": 0, "ColSpan": 2, "Height": 38.875, "InlineAlign": "Start", "RowIndex": 5, "Width": 394.125}}, {"Bounds": [66.98399353027344, 404.75799560546875, 312.4700927734375, 415.66600036621094], "ClipBounds": [66.98399353027344, 404.75799560546875, 312.4700927734375, 415.66600036621094], "Font": {"alt_family_name": "Times New Roman", "embedded": false, "encoding": "WinAnsiEncoding", "family_name": "Times New Roman", "font_type": "TrueType", "italic": false, "monospaced": false, "name": "Times New Roman", "subset": false, "weight": 400}, "HasClip": true, "Lang": "en", "ObjectID": 346, "Page": 1, "Path": "//Document/Sect/Table[2]/TR[6]/TD/P", "Text": "Mode of Evaluation: Multiple Choice Questions  ", "TextSize": 12.0, "attributes": {"LineHeight": 14.375}}, {"Bounds": [66.98399353027344, 367.17799377441406, 283.3079071044922, 378.09800720214844], "ClipBounds": [66.98399353027344, 367.17799377441406, 283.3079071044922, 378.09800720214844], "ObjectID": 348, "Page": 1, "Path": "//Document/Sect/Table[2]/TR[7]/TD", "attributes": {"BBox": [60.357499999998254, 359.2979999999952, 454.900999999998, 386.6559999999881], "BlockAlign": "Middle", "BorderColor": [0, 0, 0], "BorderStyle": "Solid", "BorderThickness": [0.625, 0.5, 1.125, 0.5], "ColIndex": 0, "ColSpan": 2, "Height": 27.375, "InlineAlign": "Start", "RowIndex": 6, "Width": 394.375}}, {"Bounds": [66.98399353027344, 367.17799377441406, 283.3079071044922, 378.09800720214844], "ClipBounds": [66.98399353027344, 367.17799377441406, 283.3079071044922, 378.09800720214844], "Font": {"alt_family_name": "Times New Roman", "embedded": false, "encoding": "WinAnsiEncoding", "family_name": "Times New Roman", "font_type": "TrueType", "italic": true, "monospaced": false, "name": "Times New Roman,Italic", "subset": false, "weight": 400}, "HasClip": true, "Lang": "en", "ObjectID": 349, "Page": 1, "Path": "//Document/Sect/Table[2]/TR[7]/TD/P", "Text": "Recommendation by the Board of Studies on ", "TextSize": 12.0, "attributes": {"LineHeight": 14.375}}, {"Bounds": [459.4600067138672, 366.1699981689453, 508.2279968261719, 379.9459991455078], "ClipBounds": [459.4600067138672, 366.1699981689453, 508.2279968261719, 379.9459991455078], "ObjectID": 350, "Page": 1, "Path": "//Document/Sect/Table[2]/TR[7]/TD[2]", "attributes": {"BBox": [453.82199999998556, 359.2979999999952, 572.6169999999984, 386.6559999999881], "BlockAlign": "Middle", "BorderColor": [0, 0, 0], "BorderStyle": "Solid", "BorderThickness": [0.625, 0.5, 0.5, 1.125], "ColIndex": 2, "Height": 27.375, "InlineAlign": "Start", "RowIndex": 6, "Width": 118.75}}, {"Bounds": [459.4600067138672, 366.1699981689453, 508.2279968261719, 379.9459991455078], "ClipBounds": [459.4600067138672, 366.1699981689453, 508.2279968261719, 379.9459991455078], "Font": {"alt_family_name": "Calibri", "embedded": true, "encoding": "WinAnsiEncoding", "family_name": "Calibri", "font_type": "TrueType", "italic": false, "monospaced": false, "name": "ABCDEE+Calibri", "subset": true, "weight": 400}, "HasClip": true, "Lang": "en", "ObjectID": 351, "Page": 1, "Path": "//Document/Sect/Table[2]/TR[7]/TD[2]/P", "Text": "14/03/23 ", "TextSize": 12.0, "attributes": {"LineHeight": 14.375}}, {"Bounds": [66.98399353027344, 340.8979949951172, 236.54391479492188, 351.8179931640625], "ClipBounds": [66.98399353027344, 340.8979949951172, 236.54391479492188, 351.8179931640625], "ObjectID": 353, "Page": 1, "Path": "//Document/Sect/Table[2]/TR[8]/TD", "attributes": {"BBox": [60.357499999998254, 333.0189999999857, 454.900999999998, 360.377999999997], "BlockAlign": "Middle", "BorderColor": [0, 0, 0], "BorderStyle": "Solid", "BorderThickness": [0.5, 0.5, 1.125, 0.5], "ColIndex": 0, "ColSpan": 2, "Height": 27.375, "InlineAlign": "Start", "RowIndex": 7, "Width": 394.375}}, {"Bounds": [66.98399353027344, 340.8979949951172, 236.54391479492188, 351.8179931640625], "ClipBounds": [66.98399353027344, 340.8979949951172, 236.54391479492188, 351.8179931640625], "Font": {"alt_family_name": "Times New Roman", "embedded": false, "encoding": "WinAnsiEncoding", "family_name": "Times New Roman", "font_type": "TrueType", "italic": true, "monospaced": false, "name": "Times New Roman,Italic", "subset": false, "weight": 400}, "HasClip": true, "Lang": "en", "ObjectID": 354, "Page": 1, "Path": "//Document/Sect/Table[2]/TR[8]/TD/P", "Text": "Approval by Academic council on: ", "TextSize": 12.0, "attributes": {"LineHeight": 14.375}}, {"ObjectID": 355, "Path": "//Document/Sect/Table[2]/TR[8]/TD[2]", "attributes": {"BBox": [453.82199999998556, 333.0189999999857, 572.6169999999984, 360.377999999997], "BlockAlign": "Before", "BorderColor": [0, 0, 0], "BorderStyle": "Solid", "BorderThickness": [0.5, 0.5, 0.5, 1.125], "ColIndex": 2, "Height": 27.375, "InlineAlign": "Start", "RowIndex": 7, "Width": 118.75}}, {"Bounds": [66.98399353027344, 314.6179962158203, 134.92791748046875, 325.5379943847656], "ClipBounds": [66.98399353027344, 314.6179962158203, 134.92791748046875, 325.5379943847656], "ObjectID": 357, "Page": 1, "Path": "//Document/Sect/Table[2]/TR[9]/TD", "attributes": {"BBox": [60.357499999998254, 305.179999999993, 454.900999999998, 334.0989999999874], "BlockAlign": "Middle", "BorderColor": [0, 0, 0], "BorderStyle": "Solid", "BorderThickness": [0.5, 1.25, 1.125, 0.5], "ColIndex": 0, "ColSpan": 2, "Height": 28.875, "InlineAlign": "Start", "RowIndex": 8, "Width": 394.375}}, {"Bounds": [66.98399353027344, 314.6179962158203, 134.92791748046875, 325.5379943847656], "ClipBounds": [66.98399353027344, 314.6179962158203, 134.92791748046875, 325.5379943847656], "Font": {"alt_family_name": "Times New Roman", "embedded": false, "encoding": "WinAnsiEncoding", "family_name": "Times New Roman", "font_type": "TrueType", "italic": true, "monospaced": false, "name": "Times New Roman,Italic", "subset": false, "weight": 400}, "HasClip": true, "Lang": "en", "ObjectID": 358, "Page": 1, "Path": "//Document/Sect/Table[2]/TR[9]/TD/P", "Text": "Compiled by: ", "TextSize": 12.0, "attributes": {"LineHeight": 14.375}}, {"Bounds": [459.4600067138672, 314.6179962158203, 554.3679046630859, 325.5260009765625], "ClipBounds": [459.4600067138672, 314.6179962158203, 554.3679046630859, 325.5260009765625], "ObjectID": 359, "Page": 1, "Path": "//Document/Sect/Table[2]/TR[9]/TD[2]", "attributes": {"BBox": [453.82199999998556, 305.179999999993, 572.6169999999984, 334.0989999999874], "BlockAlign": "Middle", "BorderColor": [0, 0, 0], "BorderStyle": "Solid", "BorderThickness": [0.5, 1.25, 0.5, 1.125], "ColIndex": 2, "Height": 28.875, "InlineAlign": "Start", "RowIndex": 8, "Width": 118.75}}, {"Bounds": [459.4600067138672, 314.6179962158203, 554.3679046630859, 325.5260009765625], "ClipBounds": [459.4600067138672, 314.6179962158203, 554.3679046630859, 325.5260009765625], "Font": {"alt_family_name": "Times New Roman", "embedded": false, "encoding": "WinAnsiEncoding", "family_name": "Times New Roman", "font_type": "TrueType", "italic": false, "monospaced": false, "name": "Times New Roman", "subset": false, "weight": 400}, "HasClip": true, "Lang": "en", "ObjectID": 360, "Page": 1, "Path": "//Document/Sect/Table[2]/TR[9]/TD[2]/P", "Text": "Dr.Bhakti Parashar ", "TextSize": 12.0, "attributes": {"LineHeight": 14.375}}], "pages": [{"boxes": {"CropBox": [0.0, 0.0, 612.0, 792.0], "MediaBox": [0.0, 0.0, 612.0, 792.0]}, "height": 792.0, "is_scanned": false, "page_number": 0, "rotation": 0, "width": 612.0}, {"boxes": {"CropBox": [0.0, 0.0, 612.0, 792.0], "MediaBox": [0.0, 0.0, 612.0, 792.0]}, "height": 792.0, "is_scanned": false, "page_number": 1, "rotation": 0, "width": 612.0}]}